Tank,Line,Product
310,1,A
311,1,A
312,1,D
313,1,A
315,1,A
314,1,A
316,1,D
317,1,A
330,1,A
331,1,A
332,1,A
333,1,A
334,1,A
335,1,A
336,1,A
337,1,D
338,1,A
339,1,A
350,2,54
351,2,54
352,2,54
353,2,54
354,2,54
360,2,62
361,2,62
363,2,62
370,2,54
371,2,62
372,2,62
373,2,62
374,2,62
375,2,62
376,2,62
